ID,Назва,Ціна,Заголовок,Значення,URL,Категорії,Групи,Створено
1,Прання білизни,50,Прання білизни,кг,prannya-bilizni,Прання,Текстиль,2024-01-01 10:00:00
2,Хімчистка куртки,150,Хімчистка куртки,шт,khimchistka-kurtki,Хімчистка,Текстиль,2024-01-01 10:00:00
3,Миття вікон,80,Миття вікон,м²,mitya-vikon,Прибирання,Для дому,2024-01-01 10:00:00
4,Догляд за собакою,200,Догляд за собакою,день,doglyad-za-sobakoyu,Догляд,Для улюбленців,2024-01-01 10:00:00
5,Ремонт взуття,120,Ремонт взуття,пара,remont-vzuttya,Ремонт,Аксесуари,2024-01-01 10:00:00
