﻿Назва; Ціна ;Категорії;Групи
Вишита сукня ; 792  ;Хімчистка;Текстильний одяг 
Блуза простого крою ; 368  ;Хімчистка;Текстильний одяг 
Блуза шовкова/з декором ; 496  ;Хімчистка;Текстильний одяг 
Гольф ; 344  ;Хімчистка;Текстильний одяг 
Джемпер ; 384  ;Хімчистка;Текстильний одяг 
Джинси ; 376  ;Хімчистка;Текстильний одяг 
Жилет ; 320  ;Хімчистка;Текстильний одяг 
Капрі ; 360  ;Хімчистка;Текстильний одяг 
Кардиган ; 440  ;Хімчистка;Текстильний одяг 
Комбінезон текстильний ; 488  ;Хімчистка;Текстильний одяг 
Комбінезон джинсовий ; 440  ;Хімчистка;Текстильний одяг 
Вишита сорочка ; 576  ;Хімчистка;Текстильний одяг 
Комбінезон шовковий ; 600  ;Хімчистка;Текстильний одяг 
Костюм діловий (піджак + штани/спідниця) ; 784  ;Хімчистка;Текстильний одяг 
Костюм спортивний (верх + низ) ; 784  ;Хімчистка;Текстильний одяг 
Кофта ; 360  ;Хімчистка;Текстильний одяг 
Майка ; 304  ;Хімчистка;Текстильний одяг 
Піджак ; 456  ;Хімчистка;Текстильний одяг 
Реглан ; 480  ;Хімчистка;Текстильний одяг 
Сарафан ; 560  ;Хімчистка;Текстильний одяг 
Світшот ; 480  ;Хімчистка;Текстильний одяг 
Светр ; 472  ;Хімчистка;Текстильний одяг 
Сорочка ; 376  ;Хімчистка;Текстильний одяг 
Сорочка з декором ; 496  ;Хімчистка;Текстильний одяг 
Спідниця вовняна/в’язана/шовкова ; 544  ;Хімчистка;Текстильний одяг 
Спідниця плісе/гофре/складки ; 584  ;Хімчистка;Текстильний одяг 
Спідниця простого фасону ; 376  ;Хімчистка;Текстильний одяг 
Теніска ; 320  ;Хімчистка;Текстильний одяг 
Топ ; 240  ;Хімчистка;Текстильний одяг 
Туніка ; 392  ;Хімчистка;Текстильний одяг 
Футболка ; 336  ;Хімчистка;Текстильний одяг 
Футболка поло ; 416  ;Хімчистка;Текстильний одяг 
Халат махровий ; 360  ;Хімчистка;Текстильний одяг 
Халат шовковий ; 544  ;Хімчистка;Текстильний одяг 
Худі ; 480  ;Хімчистка;Текстильний одяг 
Шорти ; 352  ;Хімчистка;Текстильний одяг 
Штани класичні ; 392  ;Хімчистка;Текстильний одяг 
Штани спортивні ; 360  ;Хімчистка;Текстильний одяг 
Сукня вовняна/шовкова/в’язана ; 656  ;Хімчистка;Текстильний одяг 
Сукня вечірня/святкова ; 1520  ;Хімчистка;Текстильний одяг 
Сукня простого фасону ; 600  ;Хімчистка;Текстильний одяг 
Сукня весільна без декору ; 2000  ;Хімчистка;Текстильний одяг 
Сукня весільна з декором ; 2480  ;Хімчистка;Текстильний одяг 
Сукня вечірня/святкова коротка ; 1200  ;Хімчистка;Текстильний одяг 
Смокінг/фрак ; 792  ;Хімчистка;Текстильний одяг 
Піжама (верх + низ) ; 560  ;Хімчистка;Текстильний одяг 
Жилет синтепон/пух ; 552  ;Хімчистка;Верхній одяг
Комбінезон лижний ; 720  ;Хімчистка;Верхній одяг
Куртка  пухова/синтепон ; 800  ;Хімчистка;Верхній одяг
Пальто довге синтепон/пух ; 960  ;Хімчистка;Верхній одяг
Парка ; 880  ;Хімчистка;Верхній одяг
Куртка лижна ; 752  ;Хімчистка;Верхній одяг
Штани лижні ; 624  ;Хімчистка;Верхній одяг
Пальто текстильне коротке ; 656  ;Хімчистка;Верхній одяг
Пальто текстильне подовжене ; 712  ;Хімчистка;Верхній одяг
Тренч  ; 560  ;Хімчистка;Верхній одяг
Плащ ; 560  ;Хімчистка;Верхній одяг
Дублянка штучна до 70 см ; 760  ;Хімчистка;Верхній одяг
Дублянка штучна від 70 см ; 960  ;Хімчистка;Верхній одяг
Шуба штучна до 70 см  ; 760  ;Хімчистка;Верхній одяг
Шуба штучна від 70 см (додатково) ; 960  ;Хімчистка;Верхній одяг
Підстібка штучне хутро ; 600  ;Хімчистка;Верхній одяг
Жилет штучне хутро ; 520  ;Хімчистка;Верхній одяг
Комбінезон дитячий утеплений ; 560  ;Хімчистка;Верхній одяг
Вітровка ; 504  ;Хімчистка;Верхній одяг
Куртка джинсова ; 624  ;Хімчистка;Верхній одяг
Ламбрекен за кг ; 296  ;Хімчистка;Домашній текстиль
Тюль/м.кв ; 136  ;Хімчистка;Домашній текстиль
Штори/ м.кв ; 200  ;Хімчистка;Домашній текстиль
Штори подвійні/ м.кв ; 248  ;Хімчистка;Домашній текстиль
Римські штори/ м.кв ; 304  ;Хімчистка;Домашній текстиль
Жалюзі з текстилю/ м.кв ; 224  ;Хімчистка;Домашній текстиль
Ковдра полуторна ; 624  ;Хімчистка;Домашній текстиль
Ковдра двоспальна ; 760  ;Хімчистка;Домашній текстиль
Плед полуторний ; 544  ;Хімчистка;Домашній текстиль
Плед двоспальний ; 600  ;Хімчистка;Домашній текстиль
Чохол меблевий за кг ; 288  ;Хімчистка;Домашній текстиль
Наматрацник на блискавці (шт.) ; 840  ;Хімчистка;Домашній текстиль
Наматрацник на резинці (шт.) ; 640  ;Хімчистка;Домашній текстиль
Подушка пух-перо без заміни напірника (аквачистка) ; - ;Хімчистка;Домашній текстиль
Подушка пух-перо з заміною напірника (перенаповнення) ; 576  ;Хімчистка;Домашній текстиль
Подушка з синтетичним наповнювачем ; 504  ;Хімчистка;Домашній текстиль
Подушки меблеві (попередня консультація технолога, ціна від) ; 455,00 ;Хімчистка;Домашній текстиль
Скатертина від 1 кг ; 216  ;Хімчистка;Домашній текстиль
Спальний мішок (шт.) ; 800  ;Хімчистка;Домашній текстиль
Білизна комплект/індивідуально ; - ;Хімчистка;Домашній текстиль
Прання речей від 3 кг (за кг) ; - ;Хімчистка;Домашній текстиль
Боді ; 405  ;Хімчистка;Акссесуари
Купальник ; 450  ;Хімчистка;Акссесуари
Корсет ; 495  ;Хімчистка;Акссесуари
Гаманець шкіряний (ціна від) ; 800  ;Хімчистка;Акссесуари
Краватка (ціна від) ; 270  ;Хімчистка;Акссесуари
Палантин ; 405  ;Хімчистка;Акссесуари
Ремінь з текстилю ; 315  ;Хімчистка;Акссесуари
Рукавички текстильні (пара) ; 324  ;Хімчистка;Акссесуари
Рукавички лижні (пара) ; 495  ;Хімчистка;Акссесуари
Хустка ; 360  ;Хімчистка;Акссесуари
Шарф (ціна від) ; 360  ;Хімчистка;Акссесуари
Берет текстильний ; 315  ;Хімчистка;Акссесуари
Капелюх (ціна від) ; 540  ;Хімчистка;Акссесуари
Кепка ; 360  ;Хімчистка;Акссесуари
Панама ; 360  ;Хімчистка;Акссесуари
Фата (ціна від) ; 450  ;Хімчистка;Акссесуари
Шаль (ціна від) ; 360  ;Хімчистка;Акссесуари
Шапка ; 360  ;Хімчистка;Акссесуари
Комір з натурального хутра ; 225  ;Хімчистка;Акссесуари
Комір з штучного хутра ; 180  ;Хімчистка;Акссесуари
Сумка текстильна (ціна від) ; 1350  ;Хімчистка;Сумки та рюкзаки
Сумка шкіряна (ціна від) ; 2700  ;Хімчистка;Сумки та рюкзаки
Сумка текстильна дорожня / з декором (ціна від) ; 2250  ;Хімчистка;Сумки та рюкзаки
Сумка шкіряна дорожня /з декором (ціна від) ; 3600  ;Хімчистка;Сумки та рюкзаки
Валіза (ціна від) ; 1530  ;Хімчистка;Сумки та рюкзаки
Рюкзак текстильний (ціна від) ; 900  ;Хімчистка;Сумки та рюкзаки
Рюкзак шкіряний (ціна від) ; - ;Хімчистка;Сумки та рюкзаки
Взуття (пара) ; 212  ;Хімчистка;Домашні улюбленці
Хатинка (шт.) ; 720  ;Хімчистка;Домашні улюбленці
Килимок (шт.) ; 450  ;Хімчистка;Домашні улюбленці
Костюмчик (шт.) ; 495  ;Хімчистка;Домашні улюбленці
Лежак (ціна від) ; 540  ;Хімчистка;Домашні улюбленці
Матрац (ціна від) ; 450  ;Хімчистка;Домашні улюбленці
Рюкзак/сумка-переноска (шт.) ; 765,00 ;Хімчистка;Домашні улюбленці
